rain_anomaly_30d,temp_max_mean_14d,humidity_mean_14d,extreme_heat_days_14d,direct_active_reports,neighbor_source_exposure,nearest_source_distance_km,resolved_cases_last_90d,target
0.72,24.0,62,1,0,0.00,20,0,0.08
0.91,23.5,68,1,0,0.10,15,0,0.16
1.08,23.0,72,0,1,0.20,12,0,0.34
1.24,22.5,76,0,1,0.35,9,0,0.49
1.38,22.0,80,0,1,0.50,7,0,0.62
1.55,23.0,83,0,2,0.70,5,0,0.78
1.71,24.0,86,1,2,0.85,3,1,0.91
1.31,25.0,74,3,1,0.30,10,0,0.42
0.84,26.5,66,4,0,0.05,18,1,0.13
1.48,21.8,81,0,2,0.65,6,0,0.74
1.12,24.5,70,2,0,0.25,11,0,0.30
1.63,22.4,85,0,2,0.90,2,0,0.95
